{
  "RapidaDB": {
    "build_time": 0.0011146069991809782,
    "latency": {
      "p50_ms": 0.5668110006809002,
      "p95_ms": 0.5798339496323024,
      "p99_ms": 0.5877258126201923,
      "mean_ms": 0.5669935500191059
    },
    "throughput": {
      "1": 1782.025588120293,
      "8": 3084.856398179321,
      "32": 3203.1323431820942
    },
    "recall": 1.0
  }
}